participant_id,age,sex,residence,ate_chicken,ate_salad,ate_pasta,ate_dessert,drank_juice,illness,onset_date,primary_symptom,illness_duration_days,hospitalised
1,19,Male,College A,Yes,No,No,No,No,Yes,2026-08-19,Diarrhoea,4,No
2,24,Female,College A,Yes,No,No,No,No,No,,None,0,No
3,31,Female,College C,No,No,Yes,No,No,No,,None,0,No
4,31,Female,College B,Yes,Yes,Yes,Yes,Yes,Yes,2026-08-24,Abdominal pain,3,No
5,23,Female,College B,Yes,Yes,No,No,No,No,,None,0,No
6,30,Female,College C,Yes,Yes,Yes,No,No,No,,None,0,No
7,20,Female,College B,Yes,No,Yes,Yes,Yes,No,,None,0,No
8,31,Female,College B,No,No,No,Yes,Yes,No,,None,0,No
9,18,Female,College A,No,No,No,Yes,Yes,No,,None,0,No
10,25,Female,College B,No,No,Yes,No,Yes,Yes,2026-08-21,Abdominal pain,2,No
11,18,Female,College C,Yes,No,No,No,No,No,,None,0,No
12,25,Female,College A,No,No,Yes,Yes,No,No,,None,0,No
13,33,Male,College B,Yes,Yes,No,No,No,Yes,2026-08-22,Abdominal pain,3,No
14,19,Male,College A,Yes,Yes,Yes,Yes,Yes,Yes,2026-08-21,Diarrhoea,5,No
15,34,Female,College A,No,No,Yes,No,No,No,,None,0,No
16,24,Male,College C,Yes,No,No,No,Yes,No,,None,0,No
17,22,Female,College B,Yes,Yes,No,No,No,No,,None,0,No
18,34,Female,College A,No,No,No,Yes,No,No,,None,0,No
19,35,Male,College C,Yes,No,Yes,No,No,Yes,2026-08-22,Diarrhoea,1,No
20,27,Female,College B,No,Yes,No,Yes,No,No,,None,0,No
21,33,Male,College C,No,Yes,Yes,No,Yes,Yes,2026-08-22,Diarrhoea,3,No
22,33,Female,College B,No,No,No,No,No,No,,None,0,No
23,27,Female,College B,Yes,No,No,Yes,Yes,No,,None,0,No
24,24,Male,College C,Yes,No,No,No,Yes,No,,None,0,No
25,26,Female,College A,No,Yes,No,Yes,No,No,,None,0,No
26,18,Male,College B,Yes,No,No,No,No,No,,None,0,No
27,33,Male,College B,Yes,No,No,No,No,No,,None,0,No
28,21,Male,College A,Yes,No,No,No,Yes,Yes,2026-08-19,Diarrhoea,5,No
29,22,Male,College C,No,No,Yes,Yes,No,No,,None,0,No
30,19,Female,College C,No,No,Yes,No,No,No,,None,0,No
31,23,Female,College B,No,No,No,Yes,No,Yes,2026-08-23,Vomiting,1,No
32,27,Male,College A,No,Yes,Yes,Yes,No,Yes,2026-08-20,Abdominal pain,4,Yes
33,35,Female,College A,Yes,No,Yes,No,No,No,,None,0,No
34,20,Male,College A,No,No,Yes,No,No,Yes,2026-08-20,Diarrhoea,1,No
35,21,Female,College C,No,No,No,No,No,No,,None,0,No
36,21,Male,College C,No,Yes,Yes,No,No,No,,None,0,No
37,27,Female,College B,Yes,No,Yes,Yes,Yes,No,,None,0,No
38,24,Female,College A,Yes,No,No,No,No,No,,None,0,No
39,18,Male,College A,No,No,Yes,Yes,No,No,,None,0,No
40,31,Male,College A,Yes,No,Yes,Yes,No,No,,None,0,No
41,23,Male,College C,Yes,No,No,Yes,No,No,,None,0,No
42,33,Female,College B,No,Yes,Yes,Yes,No,No,,None,0,No
43,29,Female,College B,Yes,No,Yes,Yes,Yes,Yes,2026-08-21,Diarrhoea,1,Yes
44,29,Female,College B,Yes,No,No,No,Yes,No,,None,0,No
45,30,Male,College B,Yes,No,Yes,Yes,No,Yes,2026-08-22,Diarrhoea,1,No
46,32,Male,College C,Yes,Yes,No,No,No,No,,None,0,No
47,25,Male,College C,Yes,No,Yes,No,No,No,,None,0,No
48,18,Female,College B,Yes,No,No,Yes,Yes,No,,None,0,No
49,25,Male,College B,No,No,No,Yes,No,No,,None,0,No
50,20,Male,College A,No,Yes,No,No,No,No,,None,0,No
51,22,Female,College A,Yes,Yes,No,No,No,Yes,2026-08-23,Diarrhoea,2,No
52,18,Female,College B,Yes,No,Yes,No,No,Yes,2026-08-22,Diarrhoea,4,No
53,19,Female,College A,Yes,Yes,Yes,No,Yes,No,,None,0,No
54,20,Male,College A,No,No,No,Yes,Yes,No,,None,0,No
55,33,Female,College A,No,No,No,No,Yes,Yes,2026-08-19,Fever,1,No
56,18,Female,College C,Yes,Yes,Yes,Yes,Yes,No,,None,0,No
57,32,Female,College C,Yes,No,No,No,No,Yes,2026-08-19,Vomiting,2,No
58,29,Male,College B,No,Yes,Yes,Yes,Yes,No,,None,0,No
59,19,Male,College B,Yes,Yes,No,No,No,No,,None,0,No
60,32,Male,College A,No,Yes,No,No,No,No,,None,0,No
61,18,Male,College C,Yes,No,No,Yes,No,No,,None,0,No
62,34,Male,College A,No,No,Yes,No,No,No,,None,0,No
63,21,Female,College C,No,No,Yes,Yes,Yes,No,,None,0,No
64,20,Female,College B,Yes,Yes,No,No,No,Yes,2026-08-18,Diarrhoea,3,No
65,23,Female,College B,No,Yes,Yes,Yes,No,No,,None,0,No
66,23,Male,College C,No,No,No,No,No,No,,None,0,No
67,32,Female,College B,No,No,Yes,No,Yes,No,,None,0,No
68,25,Male,College B,Yes,No,No,No,Yes,Yes,2026-08-21,Abdominal pain,2,No
69,30,Female,College B,Yes,No,Yes,No,No,No,,None,0,No
70,34,Male,College C,Yes,No,No,Yes,Yes,No,,None,0,No
71,21,Female,College C,Yes,No,No,Yes,No,No,,None,0,No
72,19,Female,College A,Yes,No,No,No,No,No,,None,0,No
73,23,Female,College A,No,No,No,Yes,No,No,,None,0,No
74,35,Female,College B,Yes,No,Yes,Yes,No,No,,None,0,No
75,20,Female,College B,No,Yes,Yes,No,No,Yes,2026-08-20,Abdominal pain,1,No
76,31,Female,College A,No,No,Yes,Yes,No,No,,None,0,No
77,35,Male,College B,No,Yes,No,No,No,No,,None,0,No
78,21,Female,College B,No,No,Yes,No,Yes,Yes,2026-08-22,Abdominal pain,5,No
79,26,Male,College B,Yes,No,No,No,Yes,No,,None,0,No
80,21,Female,College B,Yes,Yes,No,No,Yes,Yes,2026-08-19,Fever,2,No
81,19,Female,College A,Yes,No,Yes,Yes,Yes,No,,None,0,No
82,32,Female,College A,No,No,No,No,No,No,,None,0,No
83,22,Female,College A,No,Yes,No,Yes,Yes,No,,None,0,No
84,24,Male,College C,No,No,No,Yes,Yes,No,,None,0,No
85,20,Male,College A,Yes,No,Yes,No,No,No,,None,0,No
86,18,Male,College A,Yes,No,Yes,No,No,No,,None,0,No
87,18,Female,College B,Yes,No,No,No,No,No,,None,0,No
88,30,Female,College A,No,No,No,Yes,No,No,,None,0,No
89,26,Male,College B,No,No,Yes,No,Yes,No,,None,0,No
90,34,Female,College A,Yes,Yes,No,Yes,Yes,No,,None,0,No
91,29,Female,College B,Yes,No,Yes,Yes,No,No,,None,0,No
92,19,Female,College B,No,No,No,Yes,No,No,,None,0,No
93,22,Male,College A,Yes,No,No,No,No,No,,None,0,No
94,28,Male,College A,Yes,Yes,No,Yes,No,Yes,2026-08-20,Abdominal pain,3,Yes
95,35,Female,College C,No,No,Yes,Yes,No,No,,None,0,No
96,24,Male,College C,No,Yes,No,No,No,No,,None,0,No
97,28,Male,College A,No,Yes,Yes,No,No,No,,None,0,No
98,27,Male,College B,No,Yes,No,Yes,No,Yes,2026-08-23,Vomiting,4,No
99,18,Male,College B,Yes,Yes,No,Yes,No,No,,None,0,No
100,25,Male,College A,Yes,Yes,No,Yes,No,No,,None,0,No
101,18,Male,College C,Yes,Yes,Yes,Yes,Yes,Yes,2026-08-22,Abdominal pain,1,No
102,26,Male,College A,No,No,No,Yes,No,No,,None,0,No
103,34,Male,College B,No,Yes,No,No,No,No,,None,0,No
104,25,Female,College A,Yes,No,Yes,Yes,Yes,Yes,2026-08-17,Diarrhoea,3,No
105,23,Male,College C,Yes,No,Yes,No,Yes,No,,None,0,No
106,34,Female,College A,Yes,No,No,Yes,No,Yes,2026-08-22,Fever,3,No
107,24,Female,College B,No,Yes,Yes,No,No,No,,None,0,No
108,28,Female,College A,Yes,No,No,Yes,No,No,,None,0,No
109,26,Female,College C,No,Yes,Yes,Yes,Yes,Yes,2026-08-21,Fever,5,No
110,18,Male,College C,Yes,Yes,No,No,No,No,,None,0,No
111,18,Male,College A,No,No,No,Yes,No,No,,None,0,No
112,24,Male,College C,No,Yes,No,Yes,No,No,,None,0,No
113,33,Female,College B,Yes,No,No,Yes,Yes,No,,None,0,No
114,35,Male,College C,Yes,Yes,No,No,No,No,,None,0,No
115,27,Male,College A,Yes,Yes,No,Yes,Yes,No,,None,0,No
116,35,Male,College A,Yes,No,Yes,Yes,Yes,No,,None,0,No
117,31,Female,College B,No,No,No,No,Yes,No,,None,0,No
118,32,Male,College B,No,No,Yes,No,No,No,,None,0,No
119,21,Female,College A,Yes,No,Yes,Yes,No,No,,None,0,No
120,31,Male,College C,Yes,Yes,No,Yes,No,No,,None,0,No
121,22,Male,College C,No,No,No,No,No,No,,None,0,No
122,19,Male,College C,Yes,No,No,Yes,Yes,No,,None,0,No
123,31,Female,College C,Yes,No,No,No,No,No,,None,0,No
124,18,Female,College C,No,Yes,No,No,No,No,,None,0,No
125,29,Female,College A,No,No,Yes,Yes,No,No,,None,0,No
126,26,Female,College A,No,Yes,No,Yes,Yes,No,,None,0,No
127,22,Male,College A,Yes,No,Yes,No,Yes,No,,None,0,No
128,22,Female,College B,No,No,Yes,No,No,No,,None,0,No
129,22,Male,College A,Yes,Yes,Yes,No,No,Yes,2026-08-19,Vomiting,5,No
130,32,Female,College A,Yes,No,Yes,No,No,No,,None,0,No
131,19,Female,College C,Yes,No,No,Yes,No,No,,None,0,No
132,35,Male,College C,Yes,Yes,No,Yes,No,No,,None,0,No
133,31,Male,College B,No,No,No,No,No,No,,None,0,No
134,24,Female,College C,No,No,Yes,Yes,No,No,,None,0,No
135,24,Female,College C,Yes,Yes,No,Yes,No,No,,None,0,No
136,30,Female,College C,Yes,No,No,Yes,No,No,,None,0,No
137,27,Female,College A,No,No,Yes,Yes,Yes,No,,None,0,No
138,26,Male,College B,Yes,Yes,Yes,No,Yes,Yes,2026-08-23,Diarrhoea,5,No
139,31,Male,College A,No,Yes,No,No,No,No,,None,0,No
140,22,Male,College B,No,Yes,Yes,No,Yes,No,,None,0,No
141,31,Female,College A,Yes,Yes,No,No,No,No,,None,0,No
142,29,Female,College A,No,No,Yes,Yes,No,No,,None,0,No
143,31,Female,College B,Yes,No,No,No,No,Yes,2026-08-21,Vomiting,2,No
144,20,Female,College C,No,Yes,Yes,Yes,Yes,Yes,2026-08-20,Abdominal pain,3,No
145,34,Female,College B,No,No,No,Yes,Yes,No,,None,0,No
146,31,Male,College A,No,Yes,Yes,Yes,No,No,,None,0,No
147,31,Female,College B,No,Yes,Yes,No,Yes,No,,None,0,No
148,35,Female,College A,No,No,No,Yes,No,No,,None,0,No
149,25,Female,College A,No,Yes,No,No,Yes,No,,None,0,No
150,34,Female,College A,Yes,No,No,Yes,No,Yes,2026-08-21,Fever,3,No
151,32,Male,College B,Yes,Yes,No,No,Yes,Yes,2026-08-24,Diarrhoea,3,No
152,31,Female,College B,Yes,Yes,No,No,Yes,No,,None,0,No
153,26,Male,College C,No,No,No,No,No,No,,None,0,No
154,33,Female,College A,Yes,No,Yes,No,No,No,,None,0,No
155,25,Male,College A,No,No,Yes,No,Yes,No,,None,0,No
156,33,Male,College B,Yes,No,Yes,No,No,Yes,2026-08-19,Fever,3,Yes
157,18,Female,College C,No,Yes,No,Yes,Yes,No,,None,0,No
158,22,Female,College B,Yes,No,No,No,No,No,,None,0,No
159,25,Male,College A,No,No,No,Yes,No,No,,None,0,No
160,33,Male,College B,Yes,Yes,Yes,Yes,No,Yes,2026-08-20,Vomiting,1,Yes
161,25,Male,College B,Yes,No,No,Yes,Yes,No,,None,0,No
162,29,Female,College C,No,No,No,No,No,No,,None,0,No
163,32,Female,College B,No,No,Yes,No,No,Yes,2026-08-22,Abdominal pain,3,No
164,32,Male,College B,Yes,Yes,No,No,No,Yes,2026-08-24,Diarrhoea,4,No
165,27,Male,College B,Yes,Yes,No,Yes,No,No,,None,0,No
166,21,Female,College A,No,Yes,No,Yes,No,Yes,2026-08-20,Diarrhoea,4,No
167,32,Male,College A,No,No,No,Yes,Yes,No,,None,0,No
168,26,Female,College B,Yes,No,No,Yes,No,No,,None,0,No
169,20,Female,College A,No,Yes,Yes,No,No,Yes,2026-08-19,Diarrhoea,5,No
170,30,Male,College B,No,No,Yes,Yes,Yes,No,,None,0,No
171,35,Male,College A,No,Yes,Yes,No,No,No,,None,0,No
172,26,Female,College B,No,No,Yes,No,No,No,,None,0,No
173,33,Female,College A,No,Yes,No,No,No,No,,None,0,No
174,34,Male,College A,Yes,No,No,Yes,No,No,,None,0,No
175,22,Female,College C,No,No,No,No,No,No,,None,0,No
176,31,Male,College B,Yes,No,No,Yes,Yes,No,,None,0,No
177,21,Male,College B,Yes,Yes,No,No,No,No,,None,0,No
178,31,Male,College A,No,Yes,No,Yes,No,No,,None,0,No
179,31,Male,College A,No,No,Yes,No,Yes,No,,None,0,No
180,32,Female,College C,Yes,No,Yes,No,Yes,Yes,2026-08-20,Diarrhoea,4,Yes
181,27,Male,College C,No,No,No,Yes,No,No,,None,0,No
182,33,Female,College A,No,Yes,No,No,No,No,,None,0,No
183,27,Female,College B,Yes,Yes,No,Yes,Yes,No,,None,0,No
184,27,Female,College A,Yes,Yes,No,No,No,Yes,2026-08-19,Diarrhoea,1,No
185,19,Male,College A,Yes,Yes,Yes,No,No,Yes,2026-08-20,Diarrhoea,5,No
186,19,Male,College A,No,Yes,No,No,No,Yes,2026-08-19,Abdominal pain,2,No
187,24,Female,College B,Yes,No,No,No,Yes,No,,None,0,No
188,24,Male,College C,No,No,No,No,Yes,No,,None,0,No
189,27,Female,College B,Yes,No,No,No,No,No,,None,0,No
190,22,Male,College B,No,Yes,No,Yes,Yes,No,,None,0,No
191,28,Male,College B,No,Yes,No,Yes,No,No,,None,0,No
192,30,Male,College C,Yes,No,No,No,Yes,No,,None,0,No
193,23,Female,College C,No,No,Yes,Yes,Yes,Yes,2026-08-23,Abdominal pain,2,No
194,25,Female,College A,No,Yes,No,No,No,No,,None,0,No
195,35,Male,College A,No,No,No,Yes,Yes,No,,None,0,No
196,34,Female,College C,Yes,No,No,Yes,No,No,,None,0,No
197,28,Female,College A,No,Yes,No,Yes,No,No,,None,0,No
198,29,Female,College A,Yes,No,No,No,No,No,,None,0,No
199,35,Male,College B,Yes,Yes,Yes,Yes,Yes,No,,None,0,No
200,25,Female,College C,Yes,Yes,No,Yes,No,No,,None,0,No
201,32,Female,College C,Yes,No,No,No,No,No,,None,0,No
202,31,Male,College A,Yes,No,No,No,Yes,No,,None,0,No
203,18,Male,College B,Yes,Yes,Yes,Yes,No,No,,None,0,No
204,23,Male,College A,Yes,Yes,No,No,No,No,,None,0,No
205,23,Female,College B,Yes,No,No,Yes,Yes,No,,None,0,No
206,27,Female,College C,No,Yes,No,Yes,No,No,,None,0,No
207,18,Female,College A,Yes,Yes,No,No,No,No,,None,0,No
208,32,Female,College C,No,No,Yes,No,No,No,,None,0,No
209,18,Female,College C,Yes,No,No,No,Yes,No,,None,0,No
210,26,Female,College B,No,No,No,Yes,No,No,,None,0,No
211,20,Male,College A,Yes,No,No,No,No,No,,None,0,No
212,22,Female,College C,No,No,Yes,Yes,No,No,,None,0,No
213,31,Female,College B,No,No,No,No,No,No,,None,0,No
214,31,Male,College C,Yes,No,No,Yes,Yes,No,,None,0,No
215,32,Male,College B,Yes,Yes,No,No,Yes,No,,None,0,No
216,32,Male,College A,No,No,Yes,Yes,No,Yes,2026-08-23,Abdominal pain,2,No
217,35,Female,College A,No,No,Yes,No,No,No,,None,0,No
218,31,Female,College A,No,No,No,Yes,No,Yes,2026-08-18,Abdominal pain,2,No
219,29,Male,College A,No,Yes,Yes,No,No,No,,None,0,No
220,20,Female,College B,No,Yes,Yes,No,No,No,,None,0,No
221,28,Male,College A,Yes,Yes,Yes,Yes,No,No,,None,0,No
222,19,Female,College B,Yes,No,No,Yes,No,No,,None,0,No
223,24,Female,College B,No,Yes,No,Yes,No,No,,None,0,No
224,18,Female,College A,No,No,Yes,No,No,No,,None,0,No
225,28,Male,College A,No,Yes,Yes,No,Yes,No,,None,0,No
226,27,Female,College B,Yes,Yes,Yes,No,No,No,,None,0,No
227,35,Male,College B,Yes,Yes,Yes,Yes,No,Yes,2026-08-19,Vomiting,4,No
228,32,Female,College A,No,Yes,Yes,No,No,Yes,2026-08-23,Fever,2,No
229,32,Male,College C,Yes,No,No,No,No,No,,None,0,No
230,28,Male,College B,No,No,No,No,Yes,Yes,2026-08-20,Abdominal pain,2,No
231,23,Male,College A,No,Yes,No,Yes,No,No,,None,0,No
232,25,Male,College C,Yes,Yes,Yes,No,No,Yes,2026-08-22,Fever,3,No
233,28,Male,College C,Yes,No,Yes,No,No,No,,None,0,No
234,19,Female,College B,Yes,Yes,No,Yes,No,Yes,2026-08-20,Fever,2,Yes
235,19,Male,College A,No,Yes,No,Yes,Yes,Yes,2026-08-21,Abdominal pain,4,No
236,27,Male,College B,No,Yes,Yes,No,Yes,No,,None,0,No
237,24,Female,College A,Yes,No,No,No,No,No,,None,0,No
238,26,Female,College A,No,Yes,No,Yes,Yes,No,,None,0,No
239,21,Female,College A,No,No,No,Yes,Yes,No,,None,0,No
240,18,Female,College B,Yes,No,No,Yes,No,Yes,2026-08-17,Vomiting,5,No
241,23,Male,College B,Yes,No,Yes,Yes,No,No,,None,0,No
242,23,Female,College A,Yes,No,Yes,Yes,No,Yes,2026-08-22,Diarrhoea,2,No
243,28,Female,College A,Yes,No,Yes,No,No,No,,None,0,No
244,23,Male,College C,Yes,No,Yes,Yes,No,No,,None,0,No
245,19,Female,College B,Yes,No,No,Yes,No,No,,None,0,No
246,21,Female,College A,No,Yes,No,No,Yes,No,,None,0,No
247,18,Male,College A,Yes,Yes,No,No,No,Yes,2026-08-24,Abdominal pain,1,No
248,34,Male,College B,Yes,Yes,No,No,Yes,No,,None,0,No
249,29,Male,College C,Yes,Yes,Yes,Yes,Yes,Yes,2026-08-23,Diarrhoea,3,No
250,18,Female,College C,Yes,Yes,No,Yes,Yes,Yes,2026-08-22,Vomiting,5,No
251,30,Female,College C,No,No,Yes,No,No,No,,None,0,No
252,20,Female,College A,Yes,No,Yes,No,No,Yes,2026-08-24,Diarrhoea,2,No
253,29,Male,College B,No,Yes,No,No,No,Yes,2026-08-23,Diarrhoea,1,No
254,35,Male,College A,No,No,No,Yes,No,No,,None,0,No
255,28,Male,College C,No,Yes,Yes,Yes,Yes,No,,None,0,No
256,34,Male,College C,No,No,Yes,No,Yes,No,,None,0,No
257,23,Female,College B,No,Yes,No,No,Yes,No,,None,0,No
258,18,Male,College C,No,No,Yes,No,No,No,,None,0,No
259,28,Female,College A,No,No,Yes,No,Yes,No,,None,0,No
260,29,Male,College A,No,Yes,Yes,Yes,No,No,,None,0,No
261,30,Male,College C,No,Yes,No,Yes,No,No,,None,0,No
262,26,Female,College B,No,Yes,No,Yes,No,No,,None,0,No
263,18,Male,College B,No,Yes,Yes,Yes,Yes,No,,None,0,No
264,30,Male,College C,No,Yes,Yes,No,Yes,No,,None,0,No
265,21,Male,College B,Yes,Yes,No,No,No,No,,None,0,No
266,24,Female,College C,Yes,Yes,Yes,Yes,Yes,Yes,2026-08-22,Fever,1,No
267,22,Female,College A,Yes,No,No,No,No,No,,None,0,No
268,31,Female,College B,Yes,Yes,No,Yes,Yes,Yes,2026-08-21,Fever,4,No
269,26,Male,College A,Yes,No,Yes,No,No,No,,None,0,No
270,21,Female,College A,Yes,No,Yes,Yes,Yes,Yes,2026-08-19,Abdominal pain,2,No
271,35,Male,College A,No,No,No,No,No,No,,None,0,No
272,31,Female,College C,Yes,No,No,No,No,No,,None,0,No
273,21,Male,College B,No,No,Yes,No,No,No,,None,0,No
274,21,Male,College B,Yes,No,No,Yes,No,No,,None,0,No
275,25,Female,College B,Yes,No,No,No,No,No,,None,0,No
276,27,Male,College A,No,No,No,No,No,No,,None,0,No
277,32,Female,College C,Yes,Yes,Yes,No,No,Yes,2026-08-20,Abdominal pain,1,No
278,22,Male,College A,No,No,Yes,Yes,No,No,,None,0,No
279,28,Female,College B,Yes,Yes,No,No,No,No,,None,0,No
280,28,Male,College A,Yes,No,No,No,No,Yes,2026-08-23,Diarrhoea,4,No
281,30,Female,College B,No,No,Yes,Yes,No,No,,None,0,No
282,34,Female,College C,Yes,Yes,No,No,Yes,No,,None,0,No
283,22,Male,College C,Yes,No,No,No,Yes,No,,None,0,No
284,30,Male,College A,Yes,No,Yes,Yes,No,No,,None,0,No
285,31,Male,College B,Yes,Yes,No,Yes,No,Yes,2026-08-19,Fever,1,No
286,24,Male,College C,Yes,Yes,Yes,No,No,No,,None,0,No
287,26,Male,College B,No,No,No,No,Yes,No,,None,0,No
288,22,Female,College A,Yes,No,Yes,No,No,No,,None,0,No
289,28,Female,College C,Yes,Yes,Yes,Yes,Yes,No,,None,0,No
290,23,Female,College A,Yes,No,Yes,No,No,No,,None,0,No
291,21,Male,College A,Yes,Yes,Yes,Yes,No,Yes,2026-08-20,Vomiting,3,No
292,24,Female,College A,No,No,Yes,Yes,No,Yes,2026-08-20,Abdominal pain,5,No
293,21,Female,College B,No,No,Yes,No,No,No,,None,0,No
294,31,Male,College A,Yes,Yes,Yes,Yes,Yes,Yes,2026-08-21,Diarrhoea,5,No
295,30,Female,College C,No,No,No,Yes,No,No,,None,0,No
296,29,Male,College C,Yes,No,Yes,No,No,No,,None,0,No
297,19,Male,College C,Yes,No,No,No,Yes,Yes,2026-08-19,Abdominal pain,5,No
298,28,Female,College B,Yes,Yes,No,No,No,No,,None,0,No
299,33,Male,College A,Yes,Yes,No,Yes,No,Yes,2026-08-23,Abdominal pain,1,No
300,33,Female,College A,Yes,No,Yes,Yes,No,No,,None,0,No
301,27,Female,College B,No,No,No,Yes,No,No,,None,0,No
302,27,Male,College A,Yes,No,Yes,No,Yes,No,,None,0,No
303,21,Female,College A,Yes,Yes,Yes,Yes,No,Yes,2026-08-21,Fever,4,No
304,24,Female,College B,Yes,Yes,No,No,No,No,,None,0,No
305,34,Female,College A,Yes,No,No,Yes,Yes,No,,None,0,No
306,26,Male,College C,No,No,No,No,No,No,,None,0,No
307,18,Male,College A,Yes,Yes,No,No,No,No,,None,0,No
308,24,Female,College A,Yes,No,Yes,No,No,Yes,2026-08-20,Vomiting,1,No
309,20,Female,College B,Yes,Yes,Yes,No,Yes,Yes,2026-08-18,Abdominal pain,5,No
310,22,Male,College A,Yes,Yes,Yes,No,No,Yes,2026-08-22,Diarrhoea,3,No
311,34,Male,College A,No,No,Yes,No,No,Yes,2026-08-20,Abdominal pain,2,No
312,35,Male,College B,Yes,No,No,No,No,No,,None,0,No
313,20,Male,College A,No,No,No,No,Yes,No,,None,0,No
314,18,Female,College B,Yes,Yes,No,Yes,No,No,,None,0,No
315,30,Male,College B,No,No,No,No,No,Yes,2026-08-19,Diarrhoea,2,No
316,25,Male,College B,No,No,No,Yes,Yes,No,,None,0,No
317,21,Male,College C,Yes,Yes,No,Yes,No,Yes,2026-08-20,Abdominal pain,4,No
318,28,Male,College A,Yes,Yes,No,Yes,Yes,No,,None,0,No
319,30,Male,College A,Yes,Yes,Yes,Yes,No,Yes,2026-08-20,Vomiting,4,No
320,35,Male,College A,No,No,Yes,No,Yes,No,,None,0,No
321,23,Male,College C,Yes,No,No,Yes,Yes,No,,None,0,No
322,22,Female,College A,Yes,No,Yes,No,No,No,,None,0,No
323,25,Female,College A,No,Yes,Yes,No,Yes,Yes,2026-08-22,Abdominal pain,3,No
324,27,Female,College A,Yes,Yes,No,No,No,No,,None,0,No
325,30,Female,College A,Yes,Yes,Yes,Yes,No,Yes,2026-08-22,Vomiting,4,No
326,28,Male,College A,Yes,No,No,Yes,No,No,,None,0,No
327,21,Female,College B,Yes,Yes,No,Yes,No,No,,None,0,No
328,25,Male,College A,No,Yes,No,Yes,No,No,,None,0,No
329,18,Male,College A,No,No,No,Yes,No,No,,None,0,No
330,29,Female,College B,Yes,Yes,No,No,Yes,No,,None,0,No
331,23,Male,College B,No,Yes,Yes,No,No,No,,None,0,No
332,23,Male,College B,No,No,No,No,No,No,,None,0,No
333,33,Male,College B,Yes,No,No,No,No,No,,None,0,No
334,35,Female,College B,No,No,No,No,Yes,No,,None,0,No
335,18,Male,College A,Yes,No,Yes,No,Yes,No,,None,0,No
336,19,Female,College B,Yes,No,Yes,No,Yes,No,,None,0,No
337,31,Male,College B,Yes,Yes,No,No,Yes,No,,None,0,No
338,35,Female,College C,Yes,No,No,Yes,No,Yes,2026-08-22,Diarrhoea,5,No
339,33,Male,College A,Yes,Yes,No,No,Yes,Yes,2026-08-18,Vomiting,3,No
340,27,Male,College C,No,Yes,Yes,Yes,Yes,Yes,2026-08-22,Diarrhoea,5,No
341,18,Male,College C,No,No,No,Yes,No,No,,None,0,No
342,27,Female,College A,No,Yes,No,Yes,No,No,,None,0,No
343,19,Female,College C,Yes,Yes,No,No,Yes,Yes,2026-08-20,Fever,2,No
344,29,Female,College A,Yes,Yes,No,No,No,No,,None,0,No
345,35,Female,College A,No,No,No,Yes,Yes,No,,None,0,No
346,31,Male,College C,No,No,No,No,Yes,No,,None,0,No
347,31,Male,College B,Yes,No,Yes,No,No,Yes,2026-08-22,Diarrhoea,2,No
348,24,Female,College C,No,Yes,No,No,Yes,No,,None,0,No
349,29,Female,College B,No,Yes,Yes,No,Yes,No,,None,0,No
350,20,Male,College A,No,No,No,Yes,No,No,,None,0,No
351,21,Female,College C,No,No,No,Yes,No,No,,None,0,No
352,27,Male,College B,Yes,No,No,No,Yes,No,,None,0,No
353,23,Male,College A,Yes,Yes,Yes,Yes,No,Yes,2026-08-21,Abdominal pain,2,Yes
354,26,Male,College C,Yes,No,Yes,No,No,No,,None,0,No
355,20,Female,College A,Yes,Yes,No,Yes,Yes,No,,None,0,No
356,34,Female,College C,Yes,No,No,No,No,No,,None,0,No
357,18,Female,College C,Yes,No,No,No,No,No,,None,0,No
358,28,Female,College A,Yes,No,No,No,No,No,,None,0,No
359,23,Female,College C,No,Yes,Yes,No,No,No,,None,0,No
360,23,Male,College C,Yes,Yes,Yes,No,No,Yes,2026-08-24,Diarrhoea,2,No
361,32,Male,College B,No,No,No,No,Yes,No,,None,0,No
362,25,Female,College C,Yes,Yes,Yes,Yes,No,No,,None,0,No
363,26,Female,College A,Yes,No,Yes,No,No,No,,None,0,No
364,33,Female,College B,No,Yes,Yes,Yes,Yes,No,,None,0,No
365,19,Male,College C,Yes,No,No,Yes,Yes,No,,None,0,No
366,21,Female,College C,Yes,No,Yes,No,No,No,,None,0,No
367,26,Male,College C,Yes,No,No,Yes,Yes,Yes,2026-08-20,Vomiting,4,Yes
368,22,Female,College A,No,No,No,No,No,No,,None,0,No
369,18,Female,College A,Yes,No,Yes,Yes,No,Yes,2026-08-21,Abdominal pain,1,No
370,33,Male,College C,No,No,No,Yes,No,No,,None,0,No
371,32,Male,College B,Yes,No,No,Yes,No,No,,None,0,No
372,28,Female,College B,No,No,Yes,Yes,No,No,,None,0,No
373,21,Female,College C,Yes,No,No,No,Yes,No,,None,0,No
374,23,Female,College B,No,Yes,Yes,Yes,Yes,No,,None,0,No
375,34,Female,College A,Yes,No,No,No,No,No,,None,0,No
376,35,Male,College B,Yes,Yes,No,Yes,No,Yes,2026-08-22,Diarrhoea,3,No
377,21,Female,College C,No,No,No,Yes,Yes,No,,None,0,No
378,27,Female,College C,No,No,No,Yes,No,No,,None,0,No
379,33,Female,College B,Yes,Yes,Yes,No,No,No,,None,0,No
380,22,Male,College B,No,Yes,No,Yes,No,No,,None,0,No
381,33,Male,College A,Yes,Yes,No,Yes,Yes,Yes,2026-08-19,Abdominal pain,2,No
382,27,Male,College A,Yes,No,Yes,Yes,No,No,,None,0,No
383,19,Male,College A,Yes,No,No,Yes,Yes,No,,None,0,No
384,26,Female,College B,No,Yes,No,No,No,No,,None,0,No
385,26,Female,College B,No,Yes,Yes,Yes,No,Yes,2026-08-22,Fever,5,No
386,32,Female,College C,No,Yes,Yes,Yes,No,No,,None,0,No
387,29,Female,College C,Yes,Yes,No,No,No,No,,None,0,No
388,18,Female,College C,Yes,Yes,No,Yes,No,No,,None,0,No
389,20,Male,College C,Yes,No,No,No,No,No,,None,0,No
390,28,Female,College C,No,No,No,Yes,No,No,,None,0,No
391,30,Female,College B,No,No,No,Yes,Yes,No,,None,0,No
392,24,Male,College B,No,Yes,No,No,No,No,,None,0,No
393,24,Female,College B,Yes,Yes,No,No,No,No,,None,0,No
394,27,Female,College A,No,Yes,Yes,Yes,Yes,Yes,2026-08-22,Diarrhoea,3,No
395,35,Female,College A,Yes,Yes,Yes,No,Yes,No,,None,0,No
396,28,Male,College B,No,No,No,No,No,No,,None,0,No
397,35,Female,College A,Yes,No,Yes,No,No,No,,None,0,No
398,19,Male,College C,No,Yes,No,Yes,No,No,,None,0,No
399,19,Male,College C,Yes,No,Yes,Yes,Yes,No,,None,0,No
400,23,Male,College A,Yes,No,Yes,Yes,Yes,No,,None,0,No
401,31,Female,College A,Yes,Yes,No,Yes,Yes,Yes,2026-08-22,Diarrhoea,2,No
402,24,Female,College A,Yes,Yes,No,No,Yes,No,,None,0,No
403,26,Female,College B,Yes,No,No,No,No,No,,None,0,No
404,25,Male,College C,No,Yes,Yes,No,Yes,No,,None,0,No
405,20,Male,College A,No,Yes,No,Yes,Yes,No,,None,0,No
406,24,Female,College B,Yes,No,No,No,No,No,,None,0,No
407,18,Male,College C,No,No,Yes,No,No,No,,None,0,No
408,21,Female,College A,Yes,Yes,No,Yes,No,No,,None,0,No
409,31,Female,College B,No,Yes,Yes,Yes,No,No,,None,0,No
410,25,Female,College C,No,Yes,Yes,No,No,No,,None,0,No
411,28,Male,College A,No,No,Yes,Yes,No,No,,None,0,No
412,24,Male,College B,Yes,No,No,No,No,No,,None,0,No
413,23,Female,College A,No,Yes,Yes,No,Yes,No,,None,0,No
414,31,Male,College C,No,Yes,No,No,No,No,,None,0,No
415,35,Female,College C,Yes,No,No,Yes,Yes,No,,None,0,No
416,20,Male,College C,No,No,No,No,No,No,,None,0,No
417,20,Female,College C,Yes,Yes,Yes,Yes,Yes,No,,None,0,No
418,28,Female,College B,No,Yes,Yes,No,Yes,Yes,2026-08-18,Diarrhoea,5,No
419,29,Female,College A,Yes,No,No,No,No,Yes,2026-08-21,Diarrhoea,4,No
420,32,Female,College A,Yes,No,No,No,Yes,Yes,2026-08-22,Vomiting,4,No
